month_num,Predicted_Sales
1,1854.401914714495
2,1858.8717353587117
3,1863.3415560029284
4,1867.811376647145
5,1872.2811972913617
6,1876.7510179355784
